[{"geom":[44.240241001506,2.0328320468272003],"prix_valeur":1.919,"reg_name":"Occitanie","com_code":"12105","dep_name":"Aveyron","adresse":"ZA LE LAC","prix_nom":"Gazole","com_name":"La Fouillade","ville":"La Fouillade","com_arm_name":"La Fouillade","reg_code":"76","services_service":"Laverie//Station de gonflage//Piste poids lourds//Lavage automatique//DAB (Distributeur automatique de billets)","com_arm_code":"12105","epci_code":"200069383","dep_code":"12","cp":"12270","id":"12270001","prix_id":"1","pop":"R","epci_name":"CC Ouest Aveyron Communauté","prix_maj":"2023-01-25T05:44:45Z","horaires_automate_24_24":"Non"},{"geom":[44.240241001506,2.0328320468272003],"prix_valeur":1.859,"reg_name":"Occitanie","com_code":"12105","dep_name":"Aveyron","adresse":"ZA LE LAC","prix_nom":"E10","com_name":"La Fouillade","ville":"La Fouillade","com_arm_name":"La Fouillade","reg_code":"76","services_service":"Laverie//Station de gonflage//Piste poids lourds//Lavage automatique//DAB (Distributeur automatique de billets)","com_arm_code":"12105","epci_code":"200069383","dep_code":"12","cp":"12270","id":"12270001","prix_id":"5","pop":"R","epci_name":"CC Ouest Aveyron Communauté","prix_maj":"2023-01-25T05:44:46Z","horaires_automate_24_24":"Non"},{"geom":[44.229,2.038],"reg_name":"Occitanie","prix_valeur":2.095,"com_code":"12105","dep_name":"Aveyron","horaires":"{\"@automate-24-24\": \"\", \"jour\": [{\"@id\": \"1\", \"@nom\": \"Lundi\", \"@ferme\": \"\", \"horaire\": {\"@ouverture\": \"07.30\", \"@fermeture\": \"19.00\"}}, {\"@id\": \"2\", \"@nom\": \"Mardi\", \"@ferme\": \"\", \"horaire\": {\"@ouverture\": \"07.30\", \"@fermeture\": \"19.00\"}}, {\"@id\": \"3\", \"@nom\": \"Mercredi\", \"@ferme\": \"\", \"horaire\": {\"@ouverture\": \"07.30\", \"@fermeture\": \"19.00\"}}, {\"@id\": \"4\", \"@nom\": \"Jeudi\", \"@ferme\": \"\", \"horaire\": {\"@ouverture\": \"07.30\", \"@fermeture\": \"19.00\"}}, {\"@id\": \"5\", \"@nom\": \"Vendredi\", \"@ferme\": \"\", \"horaire\": {\"@ouverture\": \"07.30\", \"@fermeture\": \"19.00\"}}, {\"@id\": \"6\", \"@nom\": \"Samedi\", \"@ferme\": \"\", \"horaire\": {\"@ouverture\": \"07.30\", \"@fermeture\": \"19.00\"}}, {\"@id\": \"7\", \"@nom\": \"Dimanche\", \"@ferme\": \"1\"}]}","adresse":"15 route du rouergue","prix_nom":"SP95","com_name":"La Fouillade","ville":"La Fouillade","com_arm_name":"La Fouillade","reg_code":"76","services_service":"Relais colis//Boutique non alimentaire//Carburant additivé//Vente de gaz domestique (Butane, Propane)","dep_code":"12","com_arm_code":"12105","epci_code":"200069383","cp":"12270","id":"12270002","prix_id":"2","epci_name":"CC Ouest Aveyron Communauté","pop":"R","prix_maj":"2023-01-25T09:09:14Z","horaires_automate_24_24":"Non"},{"geom":[44.229,2.038],"reg_name":"Occitanie","prix_valeur":1.999,"com_code":"12105","dep_name":"Aveyron","horaires":"{\"@automate-24-24\": \"\", \"jour\": [{\"@id\": \"1\", \"@nom\": \"Lundi\", \"@ferme\": \"\", \"horaire\": {\"@ouverture\": \"07.30\", \"@fermeture\": \"19.00\"}}, {\"@id\": \"2\", \"@nom\": \"Mardi\", \"@ferme\": \"\", \"horaire\": {\"@ouverture\": \"07.30\", \"@fermeture\": \"19.00\"}}, {\"@id\": \"3\", \"@nom\": \"Mercredi\", \"@ferme\": \"\", \"horaire\": {\"@ouverture\": \"07.30\", \"@fermeture\": \"19.00\"}}, {\"@id\": \"4\", \"@nom\": \"Jeudi\", \"@ferme\": \"\", \"horaire\": {\"@ouverture\": \"07.30\", \"@fermeture\": \"19.00\"}}, {\"@id\": \"5\", \"@nom\": \"Vendredi\", \"@ferme\": \"\", \"horaire\": {\"@ouverture\": \"07.30\", \"@fermeture\": \"19.00\"}}, {\"@id\": \"6\", \"@nom\": \"Samedi\", \"@ferme\": \"\", \"horaire\": {\"@ouverture\": \"07.30\", \"@fermeture\": \"19.00\"}}, {\"@id\": \"7\", \"@nom\": \"Dimanche\", \"@ferme\": \"1\"}]}","adresse":"15 route du rouergue","prix_nom":"Gazole","com_name":"La Fouillade","ville":"La Fouillade","com_arm_name":"La Fouillade","reg_code":"76","services_service":"Relais colis//Boutique non alimentaire//Carburant additivé//Vente de gaz domestique (Butane, Propane)","dep_code":"12","com_arm_code":"12105","epci_code":"200069383","cp":"12270","id":"12270002","prix_id":"1","epci_name":"CC Ouest Aveyron Communauté","pop":"R","prix_maj":"2023-01-25T09:09:14Z","horaires_automate_24_24":"Non"},{"geom":[44.229,2.038],"reg_name":"Occitanie","prix_valeur":2.095,"com_code":"12105","dep_name":"Aveyron","horaires":"{\"@automate-24-24\": \"\", \"jour\": [{\"@id\": \"1\", \"@nom\": \"Lundi\", \"@ferme\": \"\", \"horaire\": {\"@ouverture\": \"07.30\", \"@fermeture\": \"19.00\"}}, {\"@id\": \"2\", \"@nom\": \"Mardi\", \"@ferme\": \"\", \"horaire\": {\"@ouverture\": \"07.30\", \"@fermeture\": \"19.00\"}}, {\"@id\": \"3\", \"@nom\": \"Mercredi\", \"@ferme\": \"\", \"horaire\": {\"@ouverture\": \"07.30\", \"@fermeture\": \"19.00\"}}, {\"@id\": \"4\", \"@nom\": \"Jeudi\", \"@ferme\": \"\", \"horaire\": {\"@ouverture\": \"07.30\", \"@fermeture\": \"19.00\"}}, {\"@id\": \"5\", \"@nom\": \"Vendredi\", \"@ferme\": \"\", \"horaire\": {\"@ouverture\": \"07.30\", \"@fermeture\": \"19.00\"}}, {\"@id\": \"6\", \"@nom\": \"Samedi\", \"@ferme\": \"\", \"horaire\": {\"@ouverture\": \"07.30\", \"@fermeture\": \"19.00\"}}, {\"@id\": \"7\", \"@nom\": \"Dimanche\", \"@ferme\": \"1\"}]}","adresse":"15 route du rouergue","prix_nom":"SP98","com_name":"La Fouillade","ville":"La Fouillade","com_arm_name":"La Fouillade","reg_code":"76","services_service":"Relais colis//Boutique non alimentaire//Carburant additivé//Vente de gaz domestique (Butane, Propane)","dep_code":"12","com_arm_code":"12105","epci_code":"200069383","cp":"12270","id":"12270002","prix_id":"6","epci_name":"CC Ouest Aveyron Communauté","pop":"R","prix_maj":"2023-01-25T09:09:14Z","horaires_automate_24_24":"Non"},{"geom":[44.240241001506,2.0328320468272003],"prix_valeur":1.939,"reg_name":"Occitanie","com_code":"12105","dep_name":"Aveyron","adresse":"ZA LE LAC","prix_nom":"SP98","com_name":"La Fouillade","ville":"La Fouillade","com_arm_name":"La Fouillade","reg_code":"76","services_service":"Laverie//Station de gonflage//Piste poids lourds//Lavage automatique//DAB (Distributeur automatique de billets)","com_arm_code":"12105","epci_code":"200069383","dep_code":"12","cp":"12270","id":"12270001","prix_id":"6","pop":"R","epci_name":"CC Ouest Aveyron Communauté","prix_maj":"2023-01-25T05:44:46Z","horaires_automate_24_24":"Non"}]