[{"geom":[47.456,-0.274],"reg_name":"Pays de la Loire","prix_valeur":1.915,"com_code":"49194","dep_name":"Maine-et-Loire","horaires":"{\"@automate-24-24\": \"\", \"jour\": [{\"@id\": \"1\", \"@nom\": \"Lundi\", \"@ferme\": \"\"}, {\"@id\": \"2\", \"@nom\": \"Mardi\", \"@ferme\": \"\"}, {\"@id\": \"3\", \"@nom\": \"Mercredi\", \"@ferme\": \"\"}, {\"@id\": \"4\", \"@nom\": \"Jeudi\", \"@ferme\": \"\"}, {\"@id\": \"5\", \"@nom\": \"Vendredi\", \"@ferme\": \"\"}, {\"@id\": \"6\", \"@nom\": \"Samedi\", \"@ferme\": \"\"}, {\"@id\": \"7\", \"@nom\": \"Dimanche\", \"@ferme\": \"\"}]}","adresse":"Les Hautes Chaîntres","prix_nom":"E10","com_name":"Mazé-Milon","ville":"MAZé","com_arm_name":"Mazé-Milon","reg_code":"52","services_service":"Laverie//Station de gonflage//Carburant additivé//Location de véhicule//Piste poids lourds//Lavage automatique//Lavage manuel//Vente de gaz domestique (Butane, Propane)//Vente d'additifs carburants","dep_code":"49","com_arm_code":"49194","epci_code":"244900882","cp":"49630","id":"49630004","prix_id":"5","epci_name":"CC Baugeois Vallée","pop":"R","prix_maj":"2023-09-05T09:35:12Z","horaires_automate_24_24":"Non","name":"Super U MAZE","brand":"Système U","shortage":["E85","GPLc","SP95"]},{"geom":[47.463,-0.29],"reg_name":"Pays de la Loire","prix_valeur":1.99,"com_code":"49194","dep_name":"Maine-et-Loire","horaires":"{\"@automate-24-24\": \"1\", \"jour\": [{\"@id\": \"1\", \"@nom\": \"Lundi\", \"@ferme\": \"\", \"horaire\": {\"@ouverture\": \"07.00\", \"@fermeture\": \"19.30\"}}, {\"@id\": \"2\", \"@nom\": \"Mardi\", \"@ferme\": \"\", \"horaire\": {\"@ouverture\": \"07.00\", \"@fermeture\": \"19.30\"}}, {\"@id\": \"3\", \"@nom\": \"Mercredi\", \"@ferme\": \"\", \"horaire\": {\"@ouverture\": \"07.00\", \"@fermeture\": \"19.30\"}}, {\"@id\": \"4\", \"@nom\": \"Jeudi\", \"@ferme\": \"\", \"horaire\": {\"@ouverture\": \"07.00\", \"@fermeture\": \"19.30\"}}, {\"@id\": \"5\", \"@nom\": \"Vendredi\", \"@ferme\": \"\", \"horaire\": {\"@ouverture\": \"07.00\", \"@fermeture\": \"19.30\"}}, {\"@id\": \"6\", \"@nom\": \"Samedi\", \"@ferme\": \"\", \"horaire\": {\"@ouverture\": \"08.00\", \"@fermeture\": \"12.30\"}}, {\"@id\": \"7\", \"@nom\": \"Dimanche\", \"@ferme\": \"1\"}]}","adresse":"5 RD 347","prix_nom":"SP95","com_name":"Mazé-Milon","ville":"MAZé","com_arm_name":"Mazé-Milon","reg_code":"52","services_service":"Boutique alimentaire//Boutique non alimentaire//Station de gonflage//Carburant additivé//Piste poids lourds//Lavage manuel//Services réparation / entretien//Vente de gaz domestique (Butane, Propane)//Vente d'additifs carburants//Automate CB 24/24","dep_code":"49","com_arm_code":"49194","epci_code":"244900882","cp":"49630","id":"49630003","prix_id":"2","epci_name":"CC Baugeois Vallée","pop":"R","prix_maj":"2023-09-05T19:09:48Z","horaires_automate_24_24":"Oui","name":"RS Automobiles","brand":"Total","shortage":["E85","GPLc","E10","SP98"]},{"geom":[47.463,-0.29],"reg_name":"Pays de la Loire","prix_valeur":1.953,"com_code":"49194","dep_name":"Maine-et-Loire","horaires":"{\"@automate-24-24\": \"1\", \"jour\": [{\"@id\": \"1\", \"@nom\": \"Lundi\", \"@ferme\": \"\", \"horaire\": {\"@ouverture\": \"07.00\", \"@fermeture\": \"19.30\"}}, {\"@id\": \"2\", \"@nom\": \"Mardi\", \"@ferme\": \"\", \"horaire\": {\"@ouverture\": \"07.00\", \"@fermeture\": \"19.30\"}}, {\"@id\": \"3\", \"@nom\": \"Mercredi\", \"@ferme\": \"\", \"horaire\": {\"@ouverture\": \"07.00\", \"@fermeture\": \"19.30\"}}, {\"@id\": \"4\", \"@nom\": \"Jeudi\", \"@ferme\": \"\", \"horaire\": {\"@ouverture\": \"07.00\", \"@fermeture\": \"19.30\"}}, {\"@id\": \"5\", \"@nom\": \"Vendredi\", \"@ferme\": \"\", \"horaire\": {\"@ouverture\": \"07.00\", \"@fermeture\": \"19.30\"}}, {\"@id\": \"6\", \"@nom\": \"Samedi\", \"@ferme\": \"\", \"horaire\": {\"@ouverture\": \"08.00\", \"@fermeture\": \"12.30\"}}, {\"@id\": \"7\", \"@nom\": \"Dimanche\", \"@ferme\": \"1\"}]}","adresse":"5 RD 347","prix_nom":"Gazole","com_name":"Mazé-Milon","ville":"MAZé","com_arm_name":"Mazé-Milon","reg_code":"52","services_service":"Boutique alimentaire//Boutique non alimentaire//Station de gonflage//Carburant additivé//Piste poids lourds//Lavage manuel//Services réparation / entretien//Vente de gaz domestique (Butane, Propane)//Vente d'additifs carburants//Automate CB 24/24","dep_code":"49","com_arm_code":"49194","epci_code":"244900882","cp":"49630","id":"49630003","prix_id":"1","epci_name":"CC Baugeois Vallée","pop":"R","prix_maj":"2023-09-05T19:09:47Z","horaires_automate_24_24":"Oui","name":"RS Automobiles","brand":"Total","shortage":["E85","GPLc","E10","SP98"]},{"geom":[47.456,-0.274],"reg_name":"Pays de la Loire","prix_valeur":1.849,"com_code":"49194","dep_name":"Maine-et-Loire","horaires":"{\"@automate-24-24\": \"\", \"jour\": [{\"@id\": \"1\", \"@nom\": \"Lundi\", \"@ferme\": \"\"}, {\"@id\": \"2\", \"@nom\": \"Mardi\", \"@ferme\": \"\"}, {\"@id\": \"3\", \"@nom\": \"Mercredi\", \"@ferme\": \"\"}, {\"@id\": \"4\", \"@nom\": \"Jeudi\", \"@ferme\": \"\"}, {\"@id\": \"5\", \"@nom\": \"Vendredi\", \"@ferme\": \"\"}, {\"@id\": \"6\", \"@nom\": \"Samedi\", \"@ferme\": \"\"}, {\"@id\": \"7\", \"@nom\": \"Dimanche\", \"@ferme\": \"\"}]}","adresse":"Les Hautes Chaîntres","prix_nom":"Gazole","com_name":"Mazé-Milon","ville":"MAZé","com_arm_name":"Mazé-Milon","reg_code":"52","services_service":"Laverie//Station de gonflage//Carburant additivé//Location de véhicule//Piste poids lourds//Lavage automatique//Lavage manuel//Vente de gaz domestique (Butane, Propane)//Vente d'additifs carburants","dep_code":"49","com_arm_code":"49194","epci_code":"244900882","cp":"49630","id":"49630004","prix_id":"1","epci_name":"CC Baugeois Vallée","pop":"R","prix_maj":"2023-09-02T09:05:54Z","horaires_automate_24_24":"Non","name":"Super U MAZE","brand":"Système U","shortage":["E85","GPLc","SP95"]},{"geom":[47.456,-0.274],"reg_name":"Pays de la Loire","prix_valeur":1.989,"com_code":"49194","dep_name":"Maine-et-Loire","horaires":"{\"@automate-24-24\": \"\", \"jour\": [{\"@id\": \"1\", \"@nom\": \"Lundi\", \"@ferme\": \"\"}, {\"@id\": \"2\", \"@nom\": \"Mardi\", \"@ferme\": \"\"}, {\"@id\": \"3\", \"@nom\": \"Mercredi\", \"@ferme\": \"\"}, {\"@id\": \"4\", \"@nom\": \"Jeudi\", \"@ferme\": \"\"}, {\"@id\": \"5\", \"@nom\": \"Vendredi\", \"@ferme\": \"\"}, {\"@id\": \"6\", \"@nom\": \"Samedi\", \"@ferme\": \"\"}, {\"@id\": \"7\", \"@nom\": \"Dimanche\", \"@ferme\": \"\"}]}","adresse":"Les Hautes Chaîntres","prix_nom":"SP98","com_name":"Mazé-Milon","ville":"MAZé","com_arm_name":"Mazé-Milon","reg_code":"52","services_service":"Laverie//Station de gonflage//Carburant additivé//Location de véhicule//Piste poids lourds//Lavage automatique//Lavage manuel//Vente de gaz domestique (Butane, Propane)//Vente d'additifs carburants","dep_code":"49","com_arm_code":"49194","epci_code":"244900882","cp":"49630","id":"49630004","prix_id":"6","epci_name":"CC Baugeois Vallée","pop":"R","prix_maj":"2023-08-30T09:09:34Z","horaires_automate_24_24":"Non","name":"Super U MAZE","brand":"Système U","shortage":["E85","GPLc","SP95"]}]