[{"geom":[48.739,0.942],"reg_name":"Normandie","prix_valeur":1.899,"com_code":"27679","dep_name":"Eure","horaires":"{\"@automate-24-24\": \"1\", \"jour\": [{\"@id\": \"1\", \"@nom\": \"Lundi\", \"@ferme\": \"\", \"horaire\": {\"@ouverture\": \"09.00\", \"@fermeture\": \"12.30\"}}, {\"@id\": \"2\", \"@nom\": \"Mardi\", \"@ferme\": \"\", \"horaire\": {\"@ouverture\": \"09.00\", \"@fermeture\": \"12.30\"}}, {\"@id\": \"3\", \"@nom\": \"Mercredi\", \"@ferme\": \"\", \"horaire\": {\"@ouverture\": \"09.00\", \"@fermeture\": \"12.30\"}}, {\"@id\": \"4\", \"@nom\": \"Jeudi\", \"@ferme\": \"\", \"horaire\": {\"@ouverture\": \"09.00\", \"@fermeture\": \"12.30\"}}, {\"@id\": \"5\", \"@nom\": \"Vendredi\", \"@ferme\": \"\", \"horaire\": [{\"@ouverture\": \"09.00\", \"@fermeture\": \"12.30\"}, {\"@ouverture\": \"14.30\", \"@fermeture\": \"19.00\"}]}, {\"@id\": \"6\", \"@nom\": \"Samedi\", \"@ferme\": \"\", \"horaire\": [{\"@ouverture\": \"09.00\", \"@fermeture\": \"12.30\"}, {\"@ouverture\": \"14.30\", \"@fermeture\": \"19.00\"}]}, {\"@id\": \"7\", \"@nom\": \"Dimanche\", \"@ferme\": \"1\"}]}","adresse":"ZA PONT ROUGE","prix_nom":"E10","com_name":"Verneuil d'Avre et d'Iton","ville":"VERNEUIL-SUR-AVRE","com_arm_name":"Verneuil d'Avre et d'Iton","reg_code":"28","services_service":"Laverie//Relais colis//Station de gonflage//Location de véhicule//Lavage automatique//Vente de gaz domestique (Butane, Propane)//Automate CB 24/24//DAB (Distributeur automatique de billets)","dep_code":"27","com_arm_code":"27679","epci_code":"200066462","cp":"27130","id":"27130001","prix_id":"5","epci_name":"CC Interco Normandie Sud Eure","pop":"R","prix_maj":"2023-01-20T09:06:35Z","horaires_automate_24_24":"Oui"}]